Encounter Start, Encounter End, Damage Done, Damage Taken, Result, DPS 
,39.10115,100,58, WIN,2.55747
42.32123,59.77295,5,32, LOSS,
,61.86094,5,32, LOSS,
,63.82329,5,32, LOSS,
,65.79505,5,32, LOSS,
,67.56364,5,32, LOSS,
Encounter Start, Encounter End, Damage Done, Damage Taken, Result, DPS 
,105.5442,100,66, WIN,2.762131
110.6469,122.609,5,22, LOSS,
,124.112,5,22, LOSS,
,125.5191,5,22, LOSS,
,126.9743,5,22, LOSS,
,128.4408,5,22, LOSS,
,129.9094,5,22, LOSS,
Encounter Start, Encounter End, Damage Done, Damage Taken, Result, DPS 
Encounter Start, Encounter End, Damage Done, Damage Taken, Result, DPS 
Encounter Start, Encounter End, Damage Done, Damage Taken, Result, DPS 
Encounter Start, Encounter End, Damage Done, Damage Taken, Result, DPS 
Encounter Start, Encounter End, Damage Done, Damage Taken, Result, DPS 
Encounter Start, Encounter End, Damage Done, Damage Taken, Result, DPS 
,153.7768,80,100, LOSS
,162.8383,85,100, LOSS
,171.1277,90,100, LOSS
Encounter Start, Encounter End, Damage Done, Damage Taken, Result, DPS 
Encounter Start, Encounter End, Damage Done, Damage Taken, Result, DPS 
Encounter Start, Encounter End, Damage Done, Damage Taken, Result, DPS 
Encounter Start, Encounter End, Damage Done, Damage Taken, Result, DPS 
Encounter Start, Encounter End, Damage Done, Damage Taken, Result, DPS 
Encounter Start, Encounter End, Damage Done, Damage Taken, Result, DPS 
Encounter Start, Encounter End, Damage Done, Damage Taken, Result, DPS 
Encounter Start, Encounter End, Damage Done, Damage Taken, Result, DPS 
Encounter Start, Encounter End, Damage Done, Damage Taken, Result, DPS 
Encounter Start, Encounter End, Damage Done, Damage Taken, Result, DPS 
Encounter Start, Encounter End, Damage Done, Damage Taken, Result, DPS 
Encounter Start, Encounter End, Damage Done, Damage Taken, Result, DPS 
Encounter Start, Encounter End, Damage Done, Damage Taken, Result, DPS 
Encounter Start, Encounter End, Damage Done, Damage Taken, Result, DPS 
Encounter Start, Encounter End, Damage Done, Damage Taken, Result, DPS 
Encounter Start, Encounter End, Damage Done, Damage Taken, Result, DPS 
Encounter Start, Encounter End, Damage Done, Damage Taken, Result, DPS 
Encounter Start, Encounter End, Damage Done, Damage Taken, Result, DPS 
Encounter Start, Encounter End, Damage Done, Damage Taken, Result, DPS 
Encounter Start, Encounter End, Damage Done, Damage Taken, Result, DPS 
Encounter Start, Encounter End, Damage Done, Damage Taken, Result, DPS 
